Questions,Answers,Patterns,Tags
What is climate change?,"Climate change refers to long-term changes in temperature, precipitation, and other atmospheric conditions on Earth.","What exactly/precisely is climate change?",Climate Change
What are the main causes of climate change?,"The main causes of climate change are human activities, such as burning fossil fuels, deforestation, and industrial processes, leading to greenhouse gas emissions.","What primarily causes climate change?",Causes
How does deforestation contribute to climate change?,"Deforestation reduces the number of trees that can absorb CO2, increasing the amount of greenhouse gases in the atmosphere.","In what ways does deforestation affect climate change?",Deforestation
What are greenhouse gases?,"Greenhouse gases are gases that trap heat in the atmosphere, including carbon dioxide (CO2), methane (CH4), and nitrous oxide (N2O).","Can you define greenhouse gases?",Greenhouse Gases
How do greenhouse gases affect the climate?,"Greenhouse gases trap heat from the sun in the Earth's atmosphere, leading to an increase in global temperatures.","In what ways do greenhouse gases impact the climate?",Greenhouse Gases
What is global warming?,"Global warming is the long-term increase in Earth's average surface temperature due to human activities, particularly the emission of greenhouse gases.","What exactly/precisely is global warming?",Global Warming
What are the effects of global warming?,"Effects of global warming include rising sea levels, more extreme weather events, melting ice caps, and impacts on wildlife and ecosystems.","What are the consequences of global warming?",Global Warming
How does climate change affect weather patterns?,"Climate change leads to more extreme and unpredictable weather patterns, including more intense storms, droughts, and heatwaves.","In what ways does climate change influence weather patterns?",Weather Patterns
What is the Paris Agreement?,"The Paris Agreement is an international treaty signed by countries to limit global warming to well below 2 degrees Celsius above pre-industrial levels.","What is the Paris Accord?",Paris Agreement
What are some solutions to climate change?,"Solutions to climate change include reducing greenhouse gas emissions, switching to renewable energy sources, and promoting energy efficiency.","What can be done to combat climate change?",Solutions
How does renewable energy help combat climate change?,"Renewable energy sources, such as solar and wind, produce little to no greenhouse gas emissions, reducing the impact on the climate.","How do renewables fight climate change?",Renewable Energy
What is carbon footprint?,"A carbon footprint is the total amount of greenhouse gases emitted directly or indirectly by human activities, measured in units of carbon dioxide (CO2).","What is meant by carbon footprint?",Carbon Footprint
How can I reduce my carbon footprint?,"You can reduce your carbon footprint by using energy-efficient appliances, reducing car travel, eating less meat, and conserving water.","What are ways to decrease my carbon footprint?",Personal Action
What is carbon offsetting?,"Carbon offsetting involves compensating for your emissions by funding projects that reduce or absorb an equivalent amount of greenhouse gases.","Can you explain carbon offsetting?",Carbon Offsetting
How does climate change impact wildlife?,"Climate change affects wildlife by altering habitats, food sources, and migration patterns, leading to potential extinction of some species.","What are the effects of climate change on wildlife?",Wildlife
What are some examples of climate change impacts on ecosystems?,"Examples include coral bleaching, loss of Arctic ice, and shifts in plant and animal populations.","Can you give examples of how climate change affects ecosystems?",Ecosystems
What is the role of forests in climate change?,"Forests act as carbon sinks, absorbing CO2 from the atmosphere and storing it in biomass and soil, helping to mitigate climate change.","How do forests influence climate change?",Forests
What are fossil fuels?,"Fossil fuels are natural resources like coal, oil, and natural gas, formed from the remains of ancient plants and animals, used for energy production.","What exactly are fossil fuels?",Fossil Fuels
How does burning fossil fuels affect the climate?,"Burning fossil fuels releases large amounts of CO2 and other greenhouse gases, contributing to global warming and climate change.","What is the impact of burning fossil fuels on the climate?",Fossil Fuels
What is the greenhouse effect?,"The greenhouse effect is the process by which greenhouse gases trap heat in the atmosphere, keeping the Earth's surface warmer than it would be otherwise.","Can you describe the greenhouse effect?",Greenhouse Effect
What is sea level rise?,"Sea level rise refers to the increase in the average level of the world's oceans due to melting ice caps and the expansion of seawater as it warms.","How does sea level rise happen?",Sea Level Rise
How does climate change affect human health?,"Climate change impacts human health by increasing the frequency of heatwaves, spreading infectious diseases, and worsening air quality.","What are the health impacts of climate change?",Human Health
What is climate resilience?,"Climate resilience is the ability of a system, community, or ecosystem to withstand and recover from the impacts of climate change.","What does climate resilience mean?",Climate Resilience
How does agriculture contribute to climate change?,"Agriculture contributes to climate change through emissions of methane from livestock, nitrous oxide from fertilizers, and deforestation for cropland.","In what ways does agriculture impact climate change?",Agriculture
How can agriculture adapt to climate change?,"Agriculture can adapt by using sustainable practices, such as crop diversification, water management, and soil conservation techniques.","What are ways agriculture can adapt to climate change?",Agriculture
What are some climate change mitigation strategies?,"Mitigation strategies include reducing emissions, increasing energy efficiency, using renewable energy, and protecting carbon sinks like forests.","What strategies can mitigate climate change?",Mitigation
What is climate adaptation?,"Climate adaptation involves adjusting practices, processes, and structures to minimize the damage caused by climate change impacts.","What does climate adaptation entail?",Adaptation
How does climate change affect the economy?,"Climate change impacts the economy by causing damage to infrastructure, reducing agricultural yields, and increasing health care costs.","What are the economic impacts of climate change?",Economy
What is the role of the oceans in climate change?,"Oceans absorb a large amount of CO2 and heat, regulating the Earth's climate, but this also leads to ocean acidification and temperature rise.","How do oceans influence climate change?",Oceans
How does climate change affect the water cycle?,"Climate change alters the water cycle by changing precipitation patterns, increasing evaporation rates, and causing more extreme weather events.","What is the impact of climate change on the water cycle?",Water Cycle
What is the impact of melting ice caps?,"Melting ice caps contribute to sea level rise, loss of habitat for polar species, and changes in global ocean currents.","How does the melting of ice caps affect the planet?",Ice Caps
What is carbon capture and storage (CCS)?,"CCS is a technology that captures CO2 emissions from sources like power plants and stores it underground to prevent it from entering the atmosphere.","Can you explain carbon capture and storage?",Carbon Capture
How do human activities affect the carbon cycle?,"Human activities, such as burning fossil fuels and deforestation, add excess CO2 to the atmosphere, disrupting the natural carbon cycle.","In what ways do humans impact the carbon cycle?",Carbon Cycle
What are some renewable energy sources?,"Renewable energy sources include solar, wind, hydroelectric, geothermal, and biomass energy.","What types of renewable energy exist?",Renewable Energy
How does climate change affect food security?,"Climate change affects food security by altering growing conditions, reducing crop yields, and increasing the frequency of extreme weather events.","What is the impact of climate change on food security?",Food Security
What is the role of international agreements in combating climate change?,"International agreements, such as the Paris Agreement, aim to coordinate global efforts to reduce greenhouse gas emissions and limit global warming.","How do international agreements help fight climate change?",International Policy
How do transportation emissions contribute to climate change?,"Transportation emissions, primarily from cars, trucks, planes, and ships, are a significant source of CO2 and other greenhouse gases.","What is the impact of transportation on climate change?",Transportation
How can cities reduce their carbon footprint?,"Cities can reduce their carbon footprint by promoting public transportation, increasing green spaces, and implementing energy-efficient building codes.","What measures can cities take to lower their carbon footprint?",Urban Planning
What is the role of technology in addressing climate change?,"Technology can help address climate change by improving energy efficiency, developing renewable energy sources, and creating carbon capture solutions.","How does technology help combat climate change?",Technology
How does climate change affect biodiversity?,"Climate change affects biodiversity by altering habitats, disrupting ecosystems, and putting species at risk of extinction.","What is the impact of climate change on biodiversity?",Biodiversity
What are climate refugees?,"Climate refugees are people who are forced to leave their homes due to the impacts of climate change, such as sea level rise, extreme weather, and drought.","Who are climate refugees?",Climate Refugees
How does climate change affect the polar regions?,"Climate change causes faster warming in polar regions, leading to melting ice caps, shrinking glaciers, and loss of habitat for species like polar bears.","What are the effects of climate change on polar regions?",Polar Regions
What are some examples of extreme weather events linked to climate change?,"Examples include hurricanes, heatwaves, droughts, floods, and wildfires, which are becoming more frequent and intense due to climate change.","Can you provide examples of extreme weather caused by climate change?",Extreme Weather
How does climate change impact coral reefs?,"Climate change causes coral bleaching and ocean acidification, which threaten the survival of coral reefs and the species that depend on them.","What are the effects of climate change on coral reefs?",Coral Reefs
What is the impact of climate change on freshwater resources?,"Climate change affects freshwater resources by altering precipitation patterns, reducing snowpack, and increasing the frequency of droughts and floods.","How does climate change affect freshwater availability?",Freshwater Resources
How do heatwaves relate to climate change?,"Climate change increases the frequency, duration, and intensity of heatwaves, posing risks to human health, agriculture, and infrastructure.","What is the connection between heatwaves and climate change?",Heatwaves
What is the relationship between climate change and wildfires?,"Climate change contributes to more frequent and severe wildfires by creating hotter, drier conditions and increasing the occurrence of droughts.","How does climate change influence wildfire activity?",Wildfires
What are the social impacts of climate change?,"Social impacts of climate change include displacement, food and water insecurity, health risks, and increased inequality.","What are the societal effects of climate change?",Social Impacts
How does climate change affect coastal areas?,"Climate change impacts coastal areas through sea level rise, increased erosion, and more frequent and severe storms, threatening infrastructure and ecosystems.","What is the impact of climate change on coastal regions?",Coastal Areas
How can individuals contribute to climate change mitigation?,"Individuals can contribute by reducing energy consumption, using public transportation, supporting renewable energy, and advocating for climate policies.","What actions can people take to help mitigate climate change?",Individual Action
